"ASIN Code","Parent ASIN","SKU","Product Title","Brand","Category","Current Price (₹)","Best Seller Rank","Rating","Review Count","LQS Score","Sold By (Current BuyBox)","Tags"
"B0D44SP9D7","B0D6YK4PL4","BH-RAPID-PEATCH-L","BHARVITA Women's Cotton Embroidered Chikankari Work Straight Kurta Dupatta Pant Set",,"Clothing & Accessories › Women › Ethnic Wear › Kurtas & Kurtis","761",,"3.8","718","32","Cocoblu Retail","365+ Days, Legacy, 30+ Days Live, 60+ Days Live, 90+ Days Live"
"B0D44TCWXY","B0D6YK4PL4","BH-RAPID-VIOLET-3XL","BHARVITA Women's Cotton Embroidered Chikankari Work Straight Kurta Dupatta Pant Set",,"Clothing & Accessories › Women › Ethnic Wear › Kurtas & Kurtis","783","160","3.8","718","83","Cocoblu Retail","365+ Days, Legacy, 30+ Days Live, 60+ Days Live, 90+ Days Live"
"B0D44THJ81","B0D6YK4PL4","BH-RAPID-PEATCH-3XL","BHARVITA Women's Cotton Embroidered Chikankari Work Straight Kurta Dupatta Pant Set",,"Clothing & Accessories › Women › Ethnic Wear › Kurtas & Kurtis","761","133","3.8","714","83","Cocoblu Retail","365+ Days, Legacy, 30+ Days Live, 60+ Days Live, 90+ Days Live"
"B0D44TN9S2","B0D6YK4PL4","BH-RAPID-PINK-XL","BHARVITA Women's Cotton Embroidered Chikankari Work Straight Kurta Dupatta Pant Set",,"Clothing & Accessories › Women › Ethnic Wear › Kurtas & Kurtis","783",,"3.8","718","75","Cocoblu Retail","365+ Days, Legacy, 30+ Days Live, 60+ Days Live, 90+ Days Live"
"B0D44VMS96","B0D6YK4PL4","BH-RAPID-VIOLET-2XL","BHARVITA Women's Cotton Embroidered Chikankari Work Straight Kurta Dupatta Pant Set",,"Clothing & Accessories › Women › Ethnic Wear › Kurtas & Kurtis","783",,"3.8","718","32","Cocoblu Retail","365+ Days, Legacy, 30+ Days Live, 60+ Days Live, 90+ Days Live"
"B0D44WM81V","B0D6YK4PL4","BH-RAPID-PINK-L","BHARVITA Women's Cotton Embroidered Chikankari Work Straight Kurta Dupatta Pant Set",,"Clothing & Accessories › Women › Ethnic Wear › Kurtas & Kurtis","783",,"3.8","718","74","Cocoblu Retail","365+ Days, Legacy, 30+ Days Live, 60+ Days Live, 90+ Days Live"
"B0D44WN4TY","B0D6YK4PL4","BH-RAPID-PEATCH-S","BHARVITA Women's Cotton Embroidered Chikankari Work Straight Kurta Dupatta Pant Set",,"Clothing & Accessories › Women › Ethnic Wear › Kurtas & Kurtis","761","126","3.8","699","83","Cocoblu Retail","365+ Days, Legacy, 30+ Days Live, 60+ Days Live, 90+ Days Live"
"B0D44XVV2F","B0D6YK4PL4","BH-RAPID-PEATCH-M","BHARVITA Women's Cotton Embroidered Chikankari Work Straight Kurta Dupatta Pant Set",,"Clothing & Accessories › Women › Ethnic Wear › Kurtas & Kurtis","671","160","3.8","718","84","Cocoblu Retail","365+ Days, Legacy, 30+ Days Live, 60+ Days Live, 90+ Days Live"
"B0D44XYL35","B0D6YK4PL4","BH-RAPID-PEATCH-XL","BHARVITA Women's Cotton Embroidered Chikankari Work Straight Kurta Dupatta Pant Set",,"Clothing & Accessories › Women › Ethnic Wear › Kurtas & Kurtis","671",,"3.8","718","75","Cocoblu Retail","365+ Days, Legacy, 30+ Days Live, 60+ Days Live, 90+ Days Live"
"B0D44YZSHX","B0D6YK4PL4","BH-RAPID-PINK-2XL","BHARVITA Women's Cotton Embroidered Chikankari Work Straight Kurta Dupatta Pant Set",,"Clothing & Accessories › Women › Ethnic Wear › Kurtas & Kurtis","783",,"3.8","718","32","Cocoblu Retail","365+ Days, Legacy, 30+ Days Live, 60+ Days Live, 90+ Days Live"
"B0D44Z6FWV","B0D6YK4PL4","BH-RAPID-VIOLET-S","BHARVITA Women's Cotton Embroidered Chikankari Work Straight Kurta Dupatta Pant Set",,"Clothing & Accessories › Women › Ethnic Wear › Kurtas & Kurtis","783",,"3.8","718","32","Cocoblu Retail","365+ Days, Legacy, 30+ Days Live, 60+ Days Live, 90+ Days Live"
"B0D44ZQZMG","B0D6YK4PL4","BH-RAPID-PEATCH-2XL","BHARVITA Women's Cotton Embroidered Chikankari Work Straight Kurta Dupatta Pant Set",,"Clothing & Accessories › Women › Ethnic Wear › Kurtas & Kurtis","761",,"3.8","718","32","Cocoblu Retail","365+ Days, Legacy, 30+ Days Live, 60+ Days Live, 90+ Days Live"
"B0D451D25Y","B0D6YK4PL4","BH-RAPID-PINK-M","BHARVITA Women's Cotton Embroidered Chikankari Work Straight Kurta Dupatta Pant Set",,"Clothing & Accessories › Women › Ethnic Wear › Kurtas & Kurtis","783","160","3.8","718","83","Cocoblu Retail","365+ Days, Legacy, 30+ Days Live, 60+ Days Live, 90+ Days Live"
"B0D452Q34M","B0D6YK4PL4","BH-RAPID-VIOLET-L","BHARVITA Women's Cotton Embroidered Chikankari Work Straight Kurta Dupatta Pant Set",,"Clothing & Accessories › Women › Ethnic Wear › Kurtas & Kurtis","783",,"3.8","718","32","Cocoblu Retail","365+ Days, Legacy, 30+ Days Live, 60+ Days Live, 90+ Days Live"
"B0D452ZTPW","B0D6YK4PL4","BH-RAPID-VIOLET-XL","BHARVITA Women's Cotton Embroidered Chikankari Work Straight Kurta Dupatta Pant Set",,"Clothing & Accessories › Women › Ethnic Wear › Kurtas & Kurtis","783",,"3.8","718","32","Cocoblu Retail","365+ Days, Legacy, 30+ Days Live, 60+ Days Live, 90+ Days Live"
"B0D45386XN","B0D6YK4PL4","BH-RAPID-PINK-3XL","BHARVITA Women's Cotton Embroidered Chikankari Work Straight Kurta Dupatta Pant Set",,"Clothing & Accessories › Women › Ethnic Wear › Kurtas & Kurtis","783",,"3.8","718","32","Cocoblu Retail","365+ Days, Legacy, 30+ Days Live, 60+ Days Live, 90+ Days Live"
"B0D454NQYT","B0D6YK4PL4","BH-RAPID-VIOLET-M","BHARVITA Women's Cotton Embroidered Chikankari Work Straight Kurta Dupatta Pant Set",,"Clothing & Accessories › Women › Ethnic Wear › Kurtas & Kurtis","783",,"3.8","718","32","Cocoblu Retail","365+ Days, Legacy, 30+ Days Live, 60+ Days Live, 90+ Days Live"
"B0D4596KNQ","B0D6YK4PL4","BH-RAPID-PINK-S","BHARVITA Women's Cotton Embroidered Chikankari Work Straight Kurta Dupatta Pant Set",,"Clothing & Accessories › Women › Ethnic Wear › Kurtas & Kurtis","783","160","3.8","718","83","Cocoblu Retail","365+ Days, Legacy, 30+ Days Live, 60+ Days Live, 90+ Days Live"
"B0DCTJY4NT","B0DGGQ55D4","BH-BATIK-Maroon-XL","BHARVITA Women's Cotton Blend Regular Wine Straight Printed Kurta with Round Nack 3/4 Sleeves and Pant or Dupatta | Kurta Set for Women",,"Clothing & Accessories › Women › Ethnic Wear › Salwar Suits","799","93","3.4","72","84","Cocoblu Retail","365+ Days, Legacy, 30+ Days Live, 60+ Days Live, 90+ Days Live"
"B0DCTKP538","B0DGGQ55D4","BH-BATIK-Maroon-L","BHARVITA Women's Cotton Blend Regular Wine Straight Printed Kurta with Round Nack 3/4 Sleeves and Pant or Dupatta | Kurta Set for Women",,"Clothing & Accessories › Women › Ethnic Wear › Salwar Suits","795",,"3.6","82","75","Cocoblu Retail","365+ Days, Legacy, 30+ Days Live, 60+ Days Live, 90+ Days Live"
"B0DCTKPGRC","B0DGGQ55D4","BH-BATIK-Maroon-S","BHARVITA Women's Cotton Blend Regular Wine Straight Printed Kurta with Round Nack 3/4 Sleeves and Pant or Dupatta | Kurta Set for Women",,"Clothing & Accessories › Women › Ethnic Wear › Salwar Suits","795",,"3.6","82","30","Cocoblu Retail","365+ Days, Legacy, 30+ Days Live, 60+ Days Live, 90+ Days Live"
"B0DCTL4ZLZ","B0DGGQ55D4","BH-BATIK-Maroon-2XL","BHARVITA Women's Cotton Blend Regular Wine Straight Printed Kurta with Round Nack 3/4 Sleeves and Pant or Dupatta | Kurta Set for Women",,"Clothing & Accessories › Women › Ethnic Wear › Salwar Suits","795","160","3.6","82","84","Cocoblu Retail","365+ Days, Legacy, 30+ Days Live, 60+ Days Live, 90+ Days Live"
"B0DCTL662Q","B0DGGQ55D4","BH-BATIK-Maroon-3XL","BHARVITA Women's Cotton Blend Regular Wine Straight Printed Kurta with Round Nack 3/4 Sleeves and Pant or Dupatta | Kurta Set for Women",,"Clothing & Accessories › Women › Ethnic Wear › Salwar Suits","795",,"3.6","82","75","Cocoblu Retail","365+ Days, Legacy, 30+ Days Live, 60+ Days Live, 90+ Days Live"
"B0DCTMGL2R","B0DGGQ55D4","BH-BATIK-Maroon-M","BHARVITA Women's Cotton Blend Regular Wine Straight Printed Kurta with Round Nack 3/4 Sleeves and Pant or Dupatta | Kurta Set for Women",,"Clothing & Accessories › Women › Ethnic Wear › Salwar Suits","795",,"3.6","82","30","Cocoblu Retail","365+ Days, Legacy, 30+ Days Live, 60+ Days Live, 90+ Days Live"
"B0DFT1XZ5X","B0DHYJFYP3","ZX--Pink-S","BHARVITA Women's Cotton Printed Sequence Work Straight Kurta Dupatta Pant Set",,"Clothing & Accessories › Women › Ethnic Wear › Kurtas & Kurtis","956",,"3.5","821","33","Cocoblu Retail","365+ Days, Legacy, 30+ Days Live, 60+ Days Live, 90+ Days Live"
"B0DFT23D3N","B0DHYJFYP3","ZX--White-M","BHARVITA Women's Cotton Printed Sequence Work Straight Kurta Dupatta Pant Set",,"Clothing & Accessories › Women › Ethnic Wear › Kurtas & Kurtis","956","602","3.5","821","85","Cocoblu Retail","365+ Days, Legacy, 30+ Days Live, 60+ Days Live, 90+ Days Live"
"B0DFT8W8KG","B0DHYJFYP3","ZX--Pink-M","BHARVITA Women's Cotton Printed Sequence Work Straight Kurta Dupatta Pant Set",,"Clothing & Accessories › Women › Ethnic Wear › Kurtas & Kurtis","956","602","3.5","821","87","Cocoblu Retail","365+ Days, Legacy, 30+ Days Live, 60+ Days Live, 90+ Days Live"
"B0DFTFL1VB","B0DHYJFYP3","ZX--Pink-L","BHARVITA Women's Cotton Printed Sequence Work Straight Kurta Dupatta Pant Set",,"Clothing & Accessories › Women › Ethnic Wear › Kurtas & Kurtis","956",,"3.5","821","78","Cocoblu Retail","365+ Days, Legacy, 30+ Days Live, 60+ Days Live, 90+ Days Live"
"B0DFTG6XWF","B0DHYJFYP3","ZX--Pink-3XL","BHARVITA Women's Cotton Printed Sequence Work Straight Kurta Dupatta Pant Set",,"Clothing & Accessories › Women › Ethnic Wear › Kurtas & Kurtis","956",,"3.5","821","33","Cocoblu Retail","365+ Days, Legacy, 30+ Days Live, 60+ Days Live, 90+ Days Live"
"B0DFTGGW1B","B0DHYJFYP3","ZX--White-3XL","BHARVITA Women's Cotton Printed Sequence Work Straight Kurta Dupatta Pant Set",,"Clothing & Accessories › Women › Ethnic Wear › Salwar Suits","956",,"3.5","821","76","Cocoblu Retail","365+ Days, Legacy, 30+ Days Live, 60+ Days Live, 90+ Days Live"
"B0DFTHFBNL","B0DHYJFYP3","ZX--White-2XL","BHARVITA Women's Cotton Printed Sequence Work Straight Kurta Dupatta Pant Set",,"Clothing & Accessories › Women › Ethnic Wear › Kurtas & Kurtis","956",,"3.5","821","76","Cocoblu Retail","365+ Days, Legacy, 30+ Days Live, 60+ Days Live, 90+ Days Live"
"B0DFTJZW86","B0DHYJFYP3","ZX--Pink-XL","BHARVITA Women's Cotton Printed Sequence Work Straight Kurta Dupatta Pant Set",,"Clothing & Accessories › Women › Ethnic Wear › Kurtas & Kurtis","956",,"3.5","821","33","Cocoblu Retail","365+ Days, Legacy, 30+ Days Live, 60+ Days Live, 90+ Days Live"
"B0DFTPHS1W","B0DHYJFYP3","ZX--Pink-2XL","BHARVITA Women's Cotton Printed Sequence Work Straight Kurta Dupatta Pant Set",,"Clothing & Accessories › Women › Ethnic Wear › Kurtas & Kurtis","956",,"3.5","821","33","Cocoblu Retail","365+ Days, Legacy, 30+ Days Live, 60+ Days Live, 90+ Days Live"
"B0DFTTRJHL","B0DHYJFYP3","ZX--White-L","BHARVITA Women's Cotton Printed Sequence Work Straight Kurta Dupatta Pant Set",,"Clothing & Accessories › Women › Ethnic Wear › Kurtas & Kurtis","956","566","3.5","805","85","Cocoblu Retail","365+ Days, Legacy, 30+ Days Live, 60+ Days Live, 90+ Days Live"
"B0DFTTSWZS","B0DHYJFYP3","ZX--White-XL","BHARVITA Women's Cotton Printed Sequence Work Straight Kurta Dupatta Pant Set",,"Clothing & Accessories › Women › Ethnic Wear › Kurtas & Kurtis","956","602","3.5","821","85","Cocoblu Retail","365+ Days, Legacy, 30+ Days Live, 60+ Days Live, 90+ Days Live"
"B0DFTTSWZV","B0DHYJFYP3","ZX--White-S","BHARVITA Women's Cotton Printed Sequence Work Straight Kurta Dupatta Pant Set",,"Clothing & Accessories › Women › Ethnic Wear › Kurtas & Kurtis","956",,"3.5","821","33","Cocoblu Retail","365+ Days, Legacy, 30+ Days Live, 60+ Days Live, 90+ Days Live"
"B0DP4L8X89","B0DRYW3W1Q","BH-ALICE-2XL","BHARVITA Women's Cotton Blend Printed Straight Kurta with Matching Pant & Elegant Dupatta",,"Clothing & Accessories › Women › Ethnic Wear › Salwar Suits","799",,"3.8","30","74","Cocoblu Retail","365+ Days, Legacy, 30+ Days Live, 60+ Days Live, 90+ Days Live"
"B0DP4M28P3","B0DRYW3W1Q","BH-ALICE-M","BHARVITA Women's Cotton Blend Printed Straight Kurta with Matching Pant & Elegant Dupatta",,"Clothing & Accessories › Women › Ethnic Wear › Salwar Suits","795",,"3.8","30","32","Cocoblu Retail","365+ Days, Legacy, 30+ Days Live, 60+ Days Live, 90+ Days Live"
"B0DP4MFZH8","B0DRYW3W1Q","BH-ALICE-XL","BHARVITA Women's Cotton Blend Printed Straight Kurta with Matching Pant & Elegant Dupatta",,"Clothing & Accessories › Women › Ethnic Wear › Salwar Suits","795","4263","3.8","30","83","Cocoblu Retail","365+ Days, Legacy, 30+ Days Live, 60+ Days Live, 90+ Days Live"
"B0DP4N53DG","B0DRYW3W1Q","BH-ALICE-L","BHARVITA Women's Cotton Blend Printed Straight Kurta with Matching Pant & Elegant Dupatta",,"Clothing & Accessories › Women › Ethnic Wear › Salwar Suits","795",,"3.8","30","32","Cocoblu Retail","365+ Days, Legacy, 30+ Days Live, 60+ Days Live, 90+ Days Live"
"B0DP4NX66K","B0DRYW3W1Q","BH-ALICE-S","BHARVITA Women's Cotton Blend Printed Straight Kurta with Matching Pant & Elegant Dupatta",,"Clothing & Accessories › Women › Ethnic Wear › Salwar Suits","799","4262","3.8","30","83","Cocoblu Retail","365+ Days, Legacy, 30+ Days Live, 60+ Days Live, 90+ Days Live"
"B0DP4P1354","B0DRYW3W1Q","BH-ALICE-3XL","BHARVITA Women's Cotton Blend Printed Straight Kurta with Matching Pant & Elegant Dupatta",,"Clothing & Accessories › Women › Ethnic Wear › Salwar Suits","799",,"3.8","30","32","Cocoblu Retail","365+ Days, Legacy, 30+ Days Live, 60+ Days Live, 90+ Days Live"
"B0DQTBRZRV","B0DSW5F8V8","BH-KKX-MUSTARD-2XL","BHARVITA Women's Cotton Printed Sequence Embroidered Work Straight Kurta Dupatta Pant Set",,"Clothing & Accessories › Women › Ethnic Wear › Salwar Suits","792","10806","3.7","151","77","Cocoblu Retail","365+ Days, Legacy, 30+ Days Live, 60+ Days Live, 90+ Days Live"
"B0DQTGZXZP","B0DSW5F8V8","BH-KKX-MUSTARD-L","BHARVITA Women's Cotton Printed Sequence Embroidered Work Straight Kurta Dupatta Pant Set",,"Clothing & Accessories › Women › Ethnic Wear › Salwar Suits","792","10806","3.7","151","32","Cocoblu Retail","365+ Days, Legacy, 30+ Days Live, 60+ Days Live, 90+ Days Live"
"B0DQTM7QMJ","B0DSW5F8V8","BH-KKX-MUSTARD-3XL","BHARVITA Women's Cotton Printed Sequence Embroidered Work Straight Kurta Dupatta Pant Set",,"Clothing & Accessories › Women › Ethnic Wear › Salwar Suits","792","91","3.7","151","87","Cocoblu Retail","365+ Days, Legacy, 30+ Days Live, 60+ Days Live, 90+ Days Live"
"B0DQTNDNJG","B0DSW5F8V8","BH-KKX-MUSTARD-M","BHARVITA Women's Cotton Printed Sequence Embroidered Work Straight Kurta Dupatta Pant Set",,"Clothing & Accessories › Women › Ethnic Wear › Salwar Suits","792","59","3.7","151","87","Cocoblu Retail","365+ Days, Legacy, 30+ Days Live, 60+ Days Live, 90+ Days Live"
"B0DQTPMGHG","B0DSW5F8V8","BH-KKX-MUSTARD-XL","BHARVITA Women's Cotton Printed Sequence Embroidered Work Straight Kurta Dupatta Pant Set",,"Clothing & Accessories › Women › Ethnic Wear › Salwar Suits","792","10806","3.7","151","32","Cocoblu Retail","365+ Days, Legacy, 30+ Days Live, 60+ Days Live, 90+ Days Live"
"B0DVYS1HT6","B0DZXPYYH1","VR-ZX-WHITE-XL","Women's Cotton ‎ Kurti",,"Clothing & Accessories › Women › Ethnic Wear › Salwar Suits","999",,"3","15","27","Cocoblu Retail","365+ Days, Legacy, 30+ Days Live, 60+ Days Live, 90+ Days Live"
"B0DVYS1ZLF","B0DZXPYYH1","VR-ZX-PINK-3XL","Women's Cotton ‎ Kurti",,"Clothing & Accessories › Women › Ethnic Wear › Kurtas & Kurtis","999",,"3","15","27","Cocoblu Retail","365+ Days, Legacy, 30+ Days Live, 60+ Days Live, 90+ Days Live"
"B0DVYS35WB","B0DVYXQH5S","VR-ZX-PINK-2XL","Women's Cotton Printed Kurta Set with Sequence Embroidered Work | Straight Kurta with Matching Dupatta & Pant | Soft & Comfortable Ethnic Wear for Festive, Traditional & Daily Casual",,"Clothing & Accessories › Women › Ethnic Wear › Kurtas & Kurtis","999",,"3","2","75","Cocoblu Retail","365+ Days, Legacy, 30+ Days Live, 60+ Days Live, 90+ Days Live"
"B0DVYW5WQ2","B0DZXPYYH1","VR-ZX-WHITE-S","Women's Cotton ‎ Kurti",,"Clothing & Accessories › Women › Ethnic Wear › Salwar Suits","999",,"3","15","63","Cocoblu Retail","365+ Days, Legacy, 30+ Days Live, 60+ Days Live, 90+ Days Live"
"B0DVYWS7JJ","B0DZXPYYH1","VR-ZX-PINK-L","Women's Cotton ‎ Kurti",,"Clothing & Accessories › Women › Ethnic Wear › Kurtas & Kurtis","999",,"3","15","27","Cocoblu Retail","365+ Days, Legacy, 30+ Days Live, 60+ Days Live, 90+ Days Live"
"B0DVYXQVNH","B0DZXPYYH1","VR-ZX-WHITE-L","Women's Cotton ‎ Kurti",,"Clothing & Accessories › Women › Ethnic Wear › Salwar Suits","999",,"3","15","27","Cocoblu Retail","365+ Days, Legacy, 30+ Days Live, 60+ Days Live, 90+ Days Live"
"B0DVZ1SXYW","B0DVYXQH5S","VR-ZX-WHITE-2XL","Women's Cotton Printed Kurta Set with Sequence Embroidered Work | Straight Kurta with Matching Dupatta & Pant | Soft & Comfortable Ethnic Wear for Festive, Traditional & Daily Casual",,"Clothing & Accessories › Women › Ethnic Wear › Salwar Suits","999","12425","3","2","82","Cocoblu Retail","365+ Days, Legacy, 30+ Days Live, 60+ Days Live, 90+ Days Live"
"B0DVZ2D7QX","B0DZXPYYH1","VR-ZX-PINK-M","Women's Cotton ‎ Kurti",,"Clothing & Accessories › Women › Ethnic Wear › Kurtas & Kurtis","999",,"3","15","27","Cocoblu Retail","365+ Days, Legacy, 30+ Days Live, 60+ Days Live, 90+ Days Live"
"B0DVZ3RJD9","B0DZXPYYH1","VR-ZX-PINK-S","Women's Cotton ‎ Kurti",,"Clothing & Accessories › Women › Ethnic Wear › Kurtas & Kurtis","999",,"3","15","72","Cocoblu Retail","365+ Days, Legacy, 30+ Days Live, 60+ Days Live, 90+ Days Live"
"B0DVZ49KNH","B0DZXPYYH1","VR-ZX-PINK-XL","Women's Cotton ‎ Kurti",,"Clothing & Accessories › Women › Ethnic Wear › Kurtas & Kurtis","999",,"3","15","72","Cocoblu Retail","365+ Days, Legacy, 30+ Days Live, 60+ Days Live, 90+ Days Live"
"B0DVZ654DR","B0DZXPYYH1","VR-ZX-WHITE-M","Women's Cotton ‎ Kurti",,"Clothing & Accessories › Women › Ethnic Wear › Salwar Suits","999",,"3","15","63","Cocoblu Retail","365+ Days, Legacy, 30+ Days Live, 60+ Days Live, 90+ Days Live"
"B0DVZ896NG","B0DZXPYYH1","VR-ZX-WHITE-3XL","Women's Cotton ‎ Kurti",,"Clothing & Accessories › Women › Ethnic Wear › Salwar Suits","999",,"3","15","63","Cocoblu Retail","365+ Days, Legacy, 30+ Days Live, 60+ Days Live, 90+ Days Live"
"B0DWF8QTWK","B0F1LWX8SZ","VR-RAPID-VIOLET-XL","Women's Cotton Embroidered Chikankari Work Straight Kurta Dupatta Pant Set",,"Clothing & Accessories › Women › Ethnic Wear › Salwar Suits","899","2133","2.4","3","85","Cocoblu Retail","365+ Days, Legacy, 30+ Days Live, 60+ Days Live, 90+ Days Live"
"B0DWF8QTWM","B0F1LWX8SZ","VR-RAPID-PEACH-S","Women's Cotton Embroidered Chikankari Work Straight Kurta Dupatta Pant Set",,"Clothing & Accessories › Women › Ethnic Wear › Salwar Suits","899","92513","2.4","3","76","Cocoblu Retail","365+ Days, Legacy, 30+ Days Live, 60+ Days Live, 90+ Days Live"
"B0DWFDGLRT","B0F1LWX8SZ","VR-RAPID-PEACH-3XL","Women's Cotton Embroidered Chikankari Work Straight Kurta Dupatta Pant Set",,"Clothing & Accessories › Women › Ethnic Wear › Salwar Suits","899","92513","2.4","3","76","Cocoblu Retail","365+ Days, Legacy, 30+ Days Live, 60+ Days Live, 90+ Days Live"
"B0DWFDL5SZ","B0F1LWX8SZ","VR-RAPID-PINK-L","Women's Cotton Embroidered Chikankari Work Straight Kurta Dupatta Pant Set",,"Clothing & Accessories › Women › Ethnic Wear › Salwar Suits","899","92513","2.4","3","33","Cocoblu Retail","365+ Days, Legacy, 30+ Days Live, 60+ Days Live, 90+ Days Live"
"B0DWFDQHY2","B0F1LWX8SZ","VR-RAPID-VIOLET-2XL","Women's Cotton Embroidered Chikankari Work Straight Kurta Dupatta Pant Set",,"Clothing & Accessories › Women › Ethnic Wear › Salwar Suits","899","2133","2.4","3","85","Cocoblu Retail","365+ Days, Legacy, 30+ Days Live, 60+ Days Live, 90+ Days Live"
"B0DWFF18ZK","B0F1LWX8SZ","VR-RAPID-VIOLET-S","Women's Cotton Embroidered Chikankari Work Straight Kurta Dupatta Pant Set",,"Clothing & Accessories › Women › Ethnic Wear › Salwar Suits","899","92513","2.4","3","33","Cocoblu Retail","365+ Days, Legacy, 30+ Days Live, 60+ Days Live, 90+ Days Live"
"B0DWFF9DSY","B0F1LWX8SZ","VR-RAPID-PEACH-XL","Women's Cotton Embroidered Chikankari Work Straight Kurta Dupatta Pant Set",,"Clothing & Accessories › Women › Ethnic Wear › Salwar Suits","899","92513","2.4","3","76","Cocoblu Retail","365+ Days, Legacy, 30+ Days Live, 60+ Days Live, 90+ Days Live"
"B0DWFFF7VN","B0F1LWX8SZ","VR-RAPID-VIOLET-M","Women's Cotton Embroidered Chikankari Work Straight Kurta Dupatta Pant Set",,"Clothing & Accessories › Women › Ethnic Wear › Salwar Suits","899","92513","2.4","3","33","Cocoblu Retail","365+ Days, Legacy, 30+ Days Live, 60+ Days Live, 90+ Days Live"
"B0DWFFQJN8","B0F1LWX8SZ","VR-RAPID-PINK-M","Women's Cotton Embroidered Chikankari Work Straight Kurta Dupatta Pant Set",,"Clothing & Accessories › Women › Ethnic Wear › Salwar Suits","899","2133","2.4","3","85","Cocoblu Retail","365+ Days, Legacy, 30+ Days Live, 60+ Days Live, 90+ Days Live"
"B0DWFFS7ZR","B0F1LWX8SZ","VR-RAPID-PEACH-2XL","Women's Cotton Embroidered Chikankari Work Straight Kurta Dupatta Pant Set",,"Clothing & Accessories › Women › Ethnic Wear › Salwar Suits","899","92513","2.4","3","33","Cocoblu Retail","365+ Days, Legacy, 30+ Days Live, 60+ Days Live, 90+ Days Live"
"B0DWFG3MTY","B0F1LWX8SZ","VR-RAPID-PINK-S","Women's Cotton Embroidered Chikankari Work Straight Kurta Dupatta Pant Set",,"Clothing & Accessories › Women › Ethnic Wear › Salwar Suits","899","92513","2.4","3","33","Cocoblu Retail","365+ Days, Legacy, 30+ Days Live, 60+ Days Live, 90+ Days Live"
"B0DWFGY7CS","B0F1LWX8SZ","VR-RAPID-PINK-2XL","Women's Cotton Embroidered Chikankari Work Straight Kurta Dupatta Pant Set",,"Clothing & Accessories › Women › Ethnic Wear › Salwar Suits","899","92513","2.4","3","76","Cocoblu Retail","365+ Days, Legacy, 30+ Days Live, 60+ Days Live, 90+ Days Live"
"B0DWFH9M4R","B0F1LWX8SZ","VR-RAPID-PEACH-L","Women's Cotton Embroidered Chikankari Work Straight Kurta Dupatta Pant Set",,"Clothing & Accessories › Women › Ethnic Wear › Salwar Suits","899","92513","2.4","3","33","Cocoblu Retail","365+ Days, Legacy, 30+ Days Live, 60+ Days Live, 90+ Days Live"
"B0DWFHHSVD","B0F1LWX8SZ","VR-RAPID-PEACH-M","Women's Cotton Embroidered Chikankari Work Straight Kurta Dupatta Pant Set",,"Clothing & Accessories › Women › Ethnic Wear › Salwar Suits","899","2133","2.4","3","85","Cocoblu Retail","365+ Days, Legacy, 30+ Days Live, 60+ Days Live, 90+ Days Live"
"B0DWFHPQG3","B0F1LWX8SZ","VR-RAPID-VIOLET-3XL","Women's Cotton Embroidered Chikankari Work Straight Kurta Dupatta Pant Set",,"Clothing & Accessories › Women › Ethnic Wear › Salwar Suits","899","92513","2.4","3","33","Cocoblu Retail","365+ Days, Legacy, 30+ Days Live, 60+ Days Live, 90+ Days Live"
"B0DWFHQH6M","B0F1LWX8SZ","VR-RAPID-VIOLET-L","Women's Cotton Embroidered Chikankari Work Straight Kurta Dupatta Pant Set",,"Clothing & Accessories › Women › Ethnic Wear › Salwar Suits","899","92513","2.4","3","76","Cocoblu Retail","365+ Days, Legacy, 30+ Days Live, 60+ Days Live, 90+ Days Live"
"B0DWFJ16DR","B0F1LWX8SZ","VR-RAPID-PINK-XL","Women's Cotton Embroidered Chikankari Work Straight Kurta Dupatta Pant Set",,"Clothing & Accessories › Women › Ethnic Wear › Salwar Suits","899","2133","2.4","3","85","Cocoblu Retail","365+ Days, Legacy, 30+ Days Live, 60+ Days Live, 90+ Days Live"
"B0DWFJ4GHG","B0F1LWX8SZ","VR-RAPID-PINK-3XL","Women's Cotton Embroidered Chikankari Work Straight Kurta Dupatta Pant Set",,"Clothing & Accessories › Women › Ethnic Wear › Salwar Suits","899","92513","2.4","3","33","Cocoblu Retail","365+ Days, Legacy, 30+ Days Live, 60+ Days Live, 90+ Days Live"
"B0DWFK7ZJP","B0DZXT6FPV","VR-RUHINA-PEACH-3XL","Women's Cotton Blend Lucknowi Embroidered Chikankari Straight Kurta with Pant Set",,"Clothing & Accessories › Women › Ethnic Wear › Salwar Suits",,,"3.2","35","32",,"365+ Days, Legacy, 30+ Days Live, 60+ Days Live, 90+ Days Live"
"B0FHK7FZSF","B0DHYJFYP3","ZX--MUSTARD-2XL","BHARVITA Women's Cotton Printed Sequence Work Straight Kurta Dupatta Pant Set",,"Clothing & Accessories › Women › Ethnic Wear › Salwar Suits","792",,"3.5","821","33","Cocoblu Retail","180-365 Days, Veteran, 30+ Days Live, 60+ Days Live, 90+ Days Live"
"B0FHKT2FX4","B0DHYJFYP3","ZX--MUSTARD-L","BHARVITA Women's Cotton Printed Sequence Work Straight Kurta Dupatta Pant Set",,"Clothing & Accessories › Women › Ethnic Wear › Salwar Suits","792",,"3.5","821","33","Cocoblu Retail","180-365 Days, Veteran, 30+ Days Live, 60+ Days Live, 90+ Days Live"
"B0FHKTYSMW","B0DHYJFYP3","ZX--MUSTARD-3XL","BHARVITA Women's Cotton Printed Sequence Work Straight Kurta Dupatta Pant Set",,"Clothing & Accessories › Women › Ethnic Wear › Salwar Suits","792",,"3.5","821","33","Cocoblu Retail","180-365 Days, Veteran, 30+ Days Live, 60+ Days Live, 90+ Days Live"
"B0FHKVDY9C","B0DHYJFYP3","ZX--MUSTARD-M","BHARVITA Women's Cotton Printed Sequence Work Straight Kurta Dupatta Pant Set",,"Clothing & Accessories › Women › Ethnic Wear › Salwar Suits","792",,"3.5","821","33","Cocoblu Retail","180-365 Days, Veteran, 30+ Days Live, 60+ Days Live, 90+ Days Live"
"B0FHKWH17Q","B0DHYJFYP3","ZX--MUSTARD-XL","BHARVITA Women's Cotton Printed Sequence Work Straight Kurta Dupatta Pant Set",,"Clothing & Accessories › Women › Ethnic Wear › Salwar Suits","792",,"3.5","821","33","Cocoblu Retail","180-365 Days, Veteran, 30+ Days Live, 60+ Days Live, 90+ Days Live"
"B0FKT66X4Y","B0D6YK4PL4","BH-RAPID-VIOLET-4XL","BHARVITA Women's Cotton Embroidered Chikankari Work Straight Kurta Dupatta Pant Set",,"Clothing & Accessories › Women › Ethnic Wear › Salwar Suits","783","37","3.8","718","84","Cocoblu Retail","180-365 Days, Veteran, 30+ Days Live, 60+ Days Live, 90+ Days Live"
"B0FKT95NJB","B0D6YK4PL4","BH-RAPID- PINK-4XL","BHARVITA Women's Cotton Embroidered Chikankari Work Straight Kurta Dupatta Pant Set",,"Clothing & Accessories › Women › Ethnic Wear › Salwar Suits","783","973","3.8","718","75","Cocoblu Retail","180-365 Days, Veteran, 30+ Days Live, 60+ Days Live, 90+ Days Live"
"B0FKTBLJS1","B0D6YK4PL4","BH-RAPID-PEATCH-4XL","BHARVITA Women's Cotton Embroidered Chikankari Work Straight Kurta Dupatta Pant Set",,"Clothing & Accessories › Women › Ethnic Wear › Salwar Suits","671","37","3.8","718","84","Cocoblu Retail","180-365 Days, Veteran, 30+ Days Live, 60+ Days Live, 90+ Days Live"
"B0FL7X1451","B0FN9JFX38","BH-HAYAT-VIOLET-S","BHARVITA Women's Cotton Blend Lucknowi Embroidered Chikankari Straight Kurta with palazzo pants Set",,"Clothing & Accessories › Women › Ethnic Wear › Kurtas & Kurtis",,,"4.1","67","31",,"180-365 Days, Veteran, 30+ Days Live, 60+ Days Live, 90+ Days Live"
"B0FL7XKVXY","B0FN9JFX38","BH-HAYAT-VIOLET-2XL","BHARVITA Women's Cotton Blend Lucknowi Embroidered Chikankari Straight Kurta with palazzo pants Set",,"Clothing & Accessories › Women › Ethnic Wear › Kurtas & Kurtis",,,"4.1","67","31",,"180-365 Days, Veteran, 30+ Days Live, 60+ Days Live, 90+ Days Live"
"B0FLK736VM","B0FMYMY4SQ","BH-SALONI-Peach-4XL","BHARVITA Women's Cotton Embroidered Chikankari Work Straight Kurta Dupatta Pant Set",,"Clothing & Accessories › Women › Ethnic Wear › Salwar Suits","945","1483","3.8","16","84","Cocoblu Retail","180-365 Days, Veteran, 30+ Days Live, 60+ Days Live, 90+ Days Live"
"B0FLK9H6VL","B0FMYMY4SQ","BH-SALONI-Peach-M","BHARVITA Women's Cotton Embroidered Chikankari Work Straight Kurta Dupatta Pant Set",,"Clothing & Accessories › Women › Ethnic Wear › Salwar Suits","949",,"3.8","16","32","Cocoblu Retail","180-365 Days, Veteran, 30+ Days Live, 60+ Days Live, 90+ Days Live"
"B0FM8K3NPS","B0FN71P2SH","BH-KERI-Yellow-3XL","BHARVITA Women's Cotton Handwork and Printed Straight Kurta with Pant And Dupatta Sets",,"Clothing & Accessories › Women › Ethnic Wear › Kurtas & Kurtis","945","1174","3.3","76","82","Cocoblu Retail","180-365 Days, Veteran, 30+ Days Live, 60+ Days Live, 90+ Days Live"
"B0FM8LXLF8","B0FN71P2SH","BH-KERI-Maroon-3XL","BHARVITA Women's Cotton Handwork and Printed Straight Kurta with Pant And Dupatta Sets",,"Clothing & Accessories › Women › Ethnic Wear › Kurtas & Kurtis","945","1429","3.3","76","82","Cocoblu Retail","180-365 Days, Veteran, 30+ Days Live, 60+ Days Live, 90+ Days Live"
"B0FM8MMDMG","B0FN71P2SH","BH-KERI-Maroon-2XL","BHARVITA Women's Cotton Handwork and Printed Straight Kurta with Pant And Dupatta Sets",,"Clothing & Accessories › Women › Ethnic Wear › Kurtas & Kurtis","945","1429","3.3","76","82","Cocoblu Retail","180-365 Days, Veteran, 30+ Days Live, 60+ Days Live, 90+ Days Live"
"B0FM8N7JBC","B0FN71P2SH","BH-KERI-Maroon-M","BHARVITA Women's Cotton Handwork and Printed Straight Kurta with Pant And Dupatta Sets",,"Clothing & Accessories › Women › Ethnic Wear › Kurtas & Kurtis","945",,"3.3","76","32","Cocoblu Retail","180-365 Days, Veteran, 30+ Days Live, 60+ Days Live, 90+ Days Live"
"B0FM8N8CJP","B0FN71P2SH","BH-KERI-Yellow-XL","BHARVITA Women's Cotton Handwork and Printed Straight Kurta with Pant And Dupatta Sets",,"Clothing & Accessories › Women › Ethnic Wear › Kurtas & Kurtis","945",,"3.3","76","32","Cocoblu Retail","180-365 Days, Veteran, 30+ Days Live, 60+ Days Live, 90+ Days Live"
"B0FM8NNNTY","B0FN71P2SH","BH-KERI-Maroon-L","BHARVITA Women's Cotton Handwork and Printed Straight Kurta with Pant And Dupatta Sets",,"Clothing & Accessories › Women › Ethnic Wear › Kurtas & Kurtis","945",,"3.3","76","32","Cocoblu Retail","180-365 Days, Veteran, 30+ Days Live, 60+ Days Live, 90+ Days Live"
"B0FM8PPSMK","B0FN71P2SH","BH-KERI-Maroon-XL","BHARVITA Women's Cotton Handwork and Printed Straight Kurta with Pant And Dupatta Sets",,"Clothing & Accessories › Women › Ethnic Wear › Kurtas & Kurtis","945",,"3.3","76","32","Cocoblu Retail","180-365 Days, Veteran, 30+ Days Live, 60+ Days Live, 90+ Days Live"
"B0FM8Q261F","B0FN71P2SH","BH-KERI-Yellow-2XL","BHARVITA Women's Cotton Handwork and Printed Straight Kurta with Pant And Dupatta Sets",,"Clothing & Accessories › Women › Ethnic Wear › Kurtas & Kurtis","945",,"3.3","76","32","Cocoblu Retail","180-365 Days, Veteran, 30+ Days Live, 60+ Days Live, 90+ Days Live"
"B0FM8QNVGW","B0FN71P2SH","BH-KERI-Yellow-M","BHARVITA Women's Cotton Handwork and Printed Straight Kurta with Pant And Dupatta Sets",,"Clothing & Accessories › Women › Ethnic Wear › Kurtas & Kurtis","945",,"3.3","76","73","Cocoblu Retail","180-365 Days, Veteran, 30+ Days Live, 60+ Days Live, 90+ Days Live"
"B0FM8SDCJ2","B0FN71P2SH","BH-KERI-Yellow-L","BHARVITA Women's Cotton Handwork and Printed Straight Kurta with Pant And Dupatta Sets",,"Clothing & Accessories › Women › Ethnic Wear › Kurtas & Kurtis","945",,"3.3","76","73","Cocoblu Retail","180-365 Days, Veteran, 30+ Days Live, 60+ Days Live, 90+ Days Live"
"B0FR8CYWYM","B0FRZPXQ4H","BH-APPLIC BOX-MAROON-M","BHARVITA Women's Rayon Handwork Embroidered and Printed Straight Kurta with Pant And Dupatta Sets",,"Clothing & Accessories › Women › Ethnic Wear › Salwar Suits","999",,"3.1","37","32","Cocoblu Retail","180-365 Days, Veteran, 30+ Days Live, 60+ Days Live, 90+ Days Live"
"B0FR8VSDW8","B0FRZPXQ4H","BH-APPLIC BOX-MAROON-L","BHARVITA Women's Rayon Handwork Embroidered and Printed Straight Kurta with Pant And Dupatta Sets",,"Clothing & Accessories › Women › Ethnic Wear › Salwar Suits","999","841","3.1","37","84","Cocoblu Retail","180-365 Days, Veteran, 30+ Days Live, 60+ Days Live, 90+ Days Live"
"B0FR8VT9JV","B0FRZPXQ4H","BH-APPLIC BOX-YELLOW-M","BHARVITA Women's Rayon Handwork Embroidered and Printed Straight Kurta with Pant And Dupatta Sets",,"Clothing & Accessories › Women › Ethnic Wear › Kurtas & Kurtis","999",,"3.1","37","75","Cocoblu Retail","180-365 Days, Veteran, 30+ Days Live, 60+ Days Live, 90+ Days Live"
"B0FR92T7P3","B0FRZPXQ4H","BH-APPLIC BOX-BLUE-4XL","BHARVITA Women's Rayon Handwork Embroidered and Printed Straight Kurta with Pant And Dupatta Sets",,"Clothing & Accessories › Women › Ethnic Wear › Salwar Suits","995","32579","3.1","37","32","Cocoblu Retail","180-365 Days, Veteran, 30+ Days Live, 60+ Days Live, 90+ Days Live"
"B0FR938ZLG","B0FRZPXQ4H","BH-APPLIC BOX-BLUE-XL","BHARVITA Women's Rayon Handwork Embroidered and Printed Straight Kurta with Pant And Dupatta Sets",,"Clothing & Accessories › Women › Ethnic Wear › Salwar Suits","995","552","3.1","37","84","Cocoblu Retail","180-365 Days, Veteran, 30+ Days Live, 60+ Days Live, 90+ Days Live"
"B0FR948YTR","B0FRZPXQ4H","BH-APPLIC BOX-YELLOW-L","BHARVITA Women's Rayon Handwork Embroidered and Printed Straight Kurta with Pant And Dupatta Sets",,"Clothing & Accessories › Women › Ethnic Wear › Kurtas & Kurtis","995","5718","3.1","37","84","Cocoblu Retail","180-365 Days, Veteran, 30+ Days Live, 60+ Days Live, 90+ Days Live"
"B0FR94PDHJ","B0FRZPXQ4H","BH-APPLIC BOX-MAROON-XL","BHARVITA Women's Rayon Handwork Embroidered and Printed Straight Kurta with Pant And Dupatta Sets",,"Clothing & Accessories › Women › Ethnic Wear › Salwar Suits","995","622","3.1","36","84","Cocoblu Retail","180-365 Days, Veteran, 30+ Days Live, 60+ Days Live, 90+ Days Live"
"B0FR94T21V","B0FRZPXQ4H","BH-APPLIC BOX-YELLOW-2XL","BHARVITA Women's Rayon Handwork Embroidered and Printed Straight Kurta with Pant And Dupatta Sets",,"Clothing & Accessories › Women › Ethnic Wear › Salwar Suits","999",,"3.1","37","32","Cocoblu Retail","180-365 Days, Veteran, 30+ Days Live, 60+ Days Live, 90+ Days Live"
"B0FR958KNZ","B0FRZPXQ4H","BH-APPLIC BOX-YELLOW-3XL","BHARVITA Women's Rayon Handwork Embroidered and Printed Straight Kurta with Pant And Dupatta Sets",,"Clothing & Accessories › Women › Ethnic Wear › Kurtas & Kurtis","995","5718","3.1","37","84","Cocoblu Retail","180-365 Days, Veteran, 30+ Days Live, 60+ Days Live, 90+ Days Live"
"B0FR95BPFK","B0FRZPXQ4H","BH-APPLIC BOX-YELLOW-4XL","BHARVITA Women's Rayon Handwork Embroidered and Printed Straight Kurta with Pant And Dupatta Sets",,"Clothing & Accessories › Women › Ethnic Wear › Kurtas & Kurtis","995","5718","3.1","37","84","Cocoblu Retail","180-365 Days, Veteran, 30+ Days Live, 60+ Days Live, 90+ Days Live"
"B0FR95D4WT","B0FRZPXQ4H","BH-APPLIC BOX-YELLOW-XL","BHARVITA Women's Rayon Handwork Embroidered and Printed Straight Kurta with Pant And Dupatta Sets",,"Clothing & Accessories › Women › Ethnic Wear › Kurtas & Kurtis","995","8932","3.1","37","84","Cocoblu Retail","180-365 Days, Veteran, 30+ Days Live, 60+ Days Live, 90+ Days Live"
"B0FR96SDYV","B0FRZPXQ4H","BH-APPLIC BOX-BLUE-2XL","BHARVITA Women's Rayon Handwork Embroidered and Printed Straight Kurta with Pant And Dupatta Sets",,"Clothing & Accessories › Women › Ethnic Wear › Salwar Suits","995","841","3.1","37","84","Cocoblu Retail","180-365 Days, Veteran, 30+ Days Live, 60+ Days Live, 90+ Days Live"
"B0FR96SVDH","B0FRZPXQ4H","BH-APPLIC BOX-BLUE-L","BHARVITA Women's Rayon Handwork Embroidered and Printed Straight Kurta with Pant And Dupatta Sets",,"Clothing & Accessories › Women › Ethnic Wear › Salwar Suits","995",,"3.1","37","75","Cocoblu Retail","180-365 Days, Veteran, 30+ Days Live, 60+ Days Live, 90+ Days Live"
"B0FR975TP2","B0FRZPXQ4H","BH-APPLIC BOX-MAROON-3XL","BHARVITA Women's Rayon Handwork Embroidered and Printed Straight Kurta with Pant And Dupatta Sets",,"Clothing & Accessories › Women › Ethnic Wear › Salwar Suits","995",,"3.1","37","32","Cocoblu Retail","180-365 Days, Veteran, 30+ Days Live, 60+ Days Live, 90+ Days Live"
"B0FR97CW44","B0FRZPXQ4H","BH-APPLIC BOX-MAROON-4XL","BHARVITA Women's Rayon Handwork Embroidered and Printed Straight Kurta with Pant And Dupatta Sets",,"Clothing & Accessories › Women › Ethnic Wear › Salwar Suits","995",,"3.1","37","32","Cocoblu Retail","180-365 Days, Veteran, 30+ Days Live, 60+ Days Live, 90+ Days Live"
"B0FR97GK6T","B0FRZPXQ4H","BH-APPLIC BOX-MAROON-2XL","BHARVITA Women's Rayon Handwork Embroidered and Printed Straight Kurta with Pant And Dupatta Sets",,"Clothing & Accessories › Women › Ethnic Wear › Salwar Suits","995",,"3.1","37","32","Cocoblu Retail","180-365 Days, Veteran, 30+ Days Live, 60+ Days Live, 90+ Days Live"
"B0FR97TV74","B0FRZPXQ4H","BH-APPLIC BOX-BLUE-3XL","BHARVITA Women's Rayon Handwork Embroidered and Printed Straight Kurta with Pant And Dupatta Sets",,"Clothing & Accessories › Women › Ethnic Wear › Salwar Suits","995","841","3.1","37","84","Cocoblu Retail","180-365 Days, Veteran, 30+ Days Live, 60+ Days Live, 90+ Days Live"
"B0FR984VV9","B0FRZPXQ4H","BH-APPLIC BOX-BLUE-M","BHARVITA Women's Rayon Handwork Embroidered and Printed Straight Kurta with Pant And Dupatta Sets",,"Clothing & Accessories › Women › Ethnic Wear › Salwar Suits","995","32579","3.1","37","32","Cocoblu Retail","180-365 Days, Veteran, 30+ Days Live, 60+ Days Live, 90+ Days Live"
"B0GF7VHR35","B0GMWJCNKJ","BH-TARAA-BLUE-L","BHARVITA Women's Cotton Handwork Embroidered Straight Kurta with Pant And Dupatta Sets",,"Clothing & Accessories › Women › Ethnic Wear › Salwar Suits","905","211","4.1","24","84","Cocoblu Retail","90-180 Days, Mature, 30+ Days Live, 60+ Days Live, 90+ Days Live"
"B0GF8266J7","B0GMWJCNKJ","BH-TARAA-BLACK-L","BHARVITA Women's Cotton Handwork Embroidered Straight Kurta with Pant And Dupatta Sets",,"Clothing & Accessories › Women › Ethnic Wear › Salwar Suits","909","17376","4.1","24","32","Cocoblu Retail","90-180 Days, Mature, 30+ Days Live, 60+ Days Live, 90+ Days Live"
"B0GF82BFVH","B0GMWJCNKJ","BH-TARAA-BLACK-XL","BHARVITA Women's Cotton Handwork Embroidered Straight Kurta with Pant And Dupatta Sets",,"Clothing & Accessories › Women › Ethnic Wear › Salwar Suits","905","205","4.2","24","84","Cocoblu Retail","90-180 Days, Mature, 30+ Days Live, 60+ Days Live, 90+ Days Live"
"B0GF82PVMC","B0GMWJCNKJ","BH-TARAA-MAROON-M","BHARVITA Women's Cotton Handwork Embroidered Straight Kurta with Pant And Dupatta Sets",,"Clothing & Accessories › Women › Ethnic Wear › Salwar Suits","905","17376","4.1","24","32","Cocoblu Retail","90-180 Days, Mature, 30+ Days Live, 60+ Days Live, 90+ Days Live"
"B0GF83Z22Q","B0GMWJCNKJ","BH-TARAA-YELLOW-M","BHARVITA Women's Cotton Handwork Embroidered Straight Kurta with Pant And Dupatta Sets",,"Clothing & Accessories › Women › Ethnic Wear › Salwar Suits","905","17376","4.1","24","32","Cocoblu Retail","90-180 Days, Mature, 30+ Days Live, 60+ Days Live, 90+ Days Live"
"B0GF84DHDQ","B0GMWJCNKJ","BH-TARAA-BLUE-M","BHARVITA Women's Cotton Handwork Embroidered Straight Kurta with Pant And Dupatta Sets",,"Clothing & Accessories › Women › Ethnic Wear › Salwar Suits","905","17376","4.1","24","75","Cocoblu Retail","90-180 Days, Mature, 30+ Days Live, 60+ Days Live, 90+ Days Live"
"B0GF84HLNN","B0GMWJCNKJ","BH-TARAA-BLACK-2XL","BHARVITA Women's Cotton Handwork Embroidered Straight Kurta with Pant And Dupatta Sets",,"Clothing & Accessories › Women › Ethnic Wear › Salwar Suits","905","17376","4.1","24","75","Cocoblu Retail","90-180 Days, Mature, 30+ Days Live, 60+ Days Live, 90+ Days Live"
"B0GF86JC87","B0GMWJCNKJ","BH-TARAA-YELLOW-L","BHARVITA Women's Cotton Handwork Embroidered Straight Kurta with Pant And Dupatta Sets",,"Clothing & Accessories › Women › Ethnic Wear › Salwar Suits","905","324","4.3","23","84","Cocoblu Retail","90-180 Days, Mature, 30+ Days Live, 60+ Days Live, 90+ Days Live"
"B0GF87Q39J","B0GMWJCNKJ","BH-TARAA-YELLOW-2XL","BHARVITA Women's Cotton Handwork Embroidered Straight Kurta with Pant And Dupatta Sets",,"Clothing & Accessories › Women › Ethnic Wear › Salwar Suits","905","17376","4.1","24","32","Cocoblu Retail","90-180 Days, Mature, 30+ Days Live, 60+ Days Live, 90+ Days Live"
"B0GF87Y9TW","B0GMWJCNKJ","BH-TARAA-BLACK-M","BHARVITA Women's Cotton Handwork Embroidered Straight Kurta with Pant And Dupatta Sets",,"Clothing & Accessories › Women › Ethnic Wear › Salwar Suits","905","17376","4.1","24","32","Cocoblu Retail","90-180 Days, Mature, 30+ Days Live, 60+ Days Live, 90+ Days Live"
"B0GF8CDW9D","B0GMWJCNKJ","BH-TARAA-MAROON-XL","BHARVITA Women's Cotton Handwork Embroidered Straight Kurta with Pant And Dupatta Sets",,"Clothing & Accessories › Women › Ethnic Wear › Salwar Suits","905","207","4.2","24","84","Cocoblu Retail","90-180 Days, Mature, 30+ Days Live, 60+ Days Live, 90+ Days Live"
"B0GF8DM58B","B0GMWJCNKJ","BH-TARAA-BLUE-XL","BHARVITA Women's Cotton Handwork Embroidered Straight Kurta with Pant And Dupatta Sets",,"Clothing & Accessories › Women › Ethnic Wear › Salwar Suits","905","211","4.1","24","84","Cocoblu Retail","90-180 Days, Mature, 30+ Days Live, 60+ Days Live, 90+ Days Live"
"B0GF8F19XN","B0GMWJCNKJ","BH-TARAA-YELLOW-XL","BHARVITA Women's Cotton Handwork Embroidered Straight Kurta with Pant And Dupatta Sets",,"Clothing & Accessories › Women › Ethnic Wear › Salwar Suits","905","211","4.1","24","84","Cocoblu Retail","90-180 Days, Mature, 30+ Days Live, 60+ Days Live, 90+ Days Live"
"B0GF8FDYTR","B0GMWJCNKJ","BH-TARAA-BLUE-2XL","BHARVITA Women's Cotton Handwork Embroidered Straight Kurta with Pant And Dupatta Sets",,"Clothing & Accessories › Women › Ethnic Wear › Salwar Suits","905","193","4.3","23","84","Cocoblu Retail","90-180 Days, Mature, 30+ Days Live, 60+ Days Live, 90+ Days Live"
"B0GF8HR38P","B0GMWJCNKJ","BH-TARAA-MAROON-2XL","BHARVITA Women's Cotton Handwork Embroidered Straight Kurta with Pant And Dupatta Sets",,"Clothing & Accessories › Women › Ethnic Wear › Salwar Suits","905",,"4.1","24","75","Cocoblu Retail","90-180 Days, Mature, 30+ Days Live, 60+ Days Live, 90+ Days Live"
"B0GF8HW6PB","B0GMWJCNKJ","BH-TARAA-MAROON-L","BHARVITA Women's Cotton Handwork Embroidered Straight Kurta with Pant And Dupatta Sets",,"Clothing & Accessories › Women › Ethnic Wear › Salwar Suits","905","17376","4.1","24","32","Cocoblu Retail","90-180 Days, Mature, 30+ Days Live, 60+ Days Live, 90+ Days Live"
"B0GFVWXTZK","B0GMW6H6YS","BH-BABY DOLL-GREEN-3XL","BHARVITA Women's Cotton Handwork Embroidered Anarkali Kurta with Palazzo Pants and Dupatta Set",,"Clothing & Accessories › Women › Ethnic Wear › Salwar Suits","1065","321","4.4","33","84","Cocoblu Retail","90-180 Days, Mature, 30+ Days Live, 60+ Days Live, 90+ Days Live"
"B0GFVWXTZT","B0GMW6H6YS","BH-BABY DOLL-ORANGE-L","BHARVITA Women's Cotton Handwork Embroidered Anarkali Kurta with Palazzo Pants and Dupatta Set",,"Clothing & Accessories › Women › Ethnic Wear › Salwar Suits","1065",,"4.4","33","75","Cocoblu Retail","90-180 Days, Mature, 30+ Days Live, 60+ Days Live, 90+ Days Live"
"B0GFW58R9F","B0GMW6H6YS","BH-BABY DOLL-ORANGE-2XL","BHARVITA Women's Cotton Handwork Embroidered Anarkali Kurta with Palazzo Pants and Dupatta Set",,"Clothing & Accessories › Women › Ethnic Wear › Salwar Suits","1065","185","4.4","33","84","Cocoblu Retail","90-180 Days, Mature, 30+ Days Live, 60+ Days Live, 90+ Days Live"
"B0GFW5GJN1","B0GMW6H6YS","BH-BABY DOLL-MORPICH-L","BHARVITA Women's Cotton Handwork Embroidered Anarkali Kurta with Palazzo Pants and Dupatta Set",,"Clothing & Accessories › Women › Ethnic Wear › Salwar Suits","1065",,"4.4","33","32","Cocoblu Retail","90-180 Days, Mature, 30+ Days Live, 60+ Days Live, 90+ Days Live"
"B0GFW5JMCS","B0GMW6H6YS","BH-BABY DOLL-ORANGE-3XL","BHARVITA Women's Cotton Handwork Embroidered Anarkali Kurta with Palazzo Pants and Dupatta Set",,"Clothing & Accessories › Women › Ethnic Wear › Salwar Suits","1065","185","4.4","33","84","Cocoblu Retail","90-180 Days, Mature, 30+ Days Live, 60+ Days Live, 90+ Days Live"
"B0GFW7Q3BX","B0GMW6H6YS","BH-BABY DOLL-MORPICH-XL","BHARVITA Women's Cotton Handwork Embroidered Anarkali Kurta with Palazzo Pants and Dupatta Set",,"Clothing & Accessories › Women › Ethnic Wear › Salwar Suits","1065",,"4.4","33","75","Cocoblu Retail","90-180 Days, Mature, 30+ Days Live, 60+ Days Live, 90+ Days Live"
"B0GFW8WYZ7","B0GMW6H6YS","BH-BABY DOLL-GREEN-M","BHARVITA Women's Cotton Handwork Embroidered Anarkali Kurta with Palazzo Pants and Dupatta Set",,"Clothing & Accessories › Women › Ethnic Wear › Salwar Suits","1065",,"4.4","33","32","Cocoblu Retail","90-180 Days, Mature, 30+ Days Live, 60+ Days Live, 90+ Days Live"
"B0GFW9BFJT","B0GMW6H6YS","BH-BABY DOLL-GREEN-L","BHARVITA Women's Cotton Handwork Embroidered Anarkali Kurta with Palazzo Pants and Dupatta Set",,"Clothing & Accessories › Women › Ethnic Wear › Salwar Suits","1065","185","4.4","33","84","Cocoblu Retail","90-180 Days, Mature, 30+ Days Live, 60+ Days Live, 90+ Days Live"
"B0GFWDWZ94","B0GMW6H6YS","BH-BABY DOLL-BLUE-XL","BHARVITA Women's Cotton Handwork Embroidered Anarkali Kurta with Palazzo Pants and Dupatta Set",,"Clothing & Accessories › Women › Ethnic Wear › Salwar Suits","1065",,"4.4","33","32","Cocoblu Retail","90-180 Days, Mature, 30+ Days Live, 60+ Days Live, 90+ Days Live"
"B0GFWDYLBQ","B0GMW6H6YS","BH-BABY DOLL-BLUE-L","BHARVITA Women's Cotton Handwork Embroidered Anarkali Kurta with Palazzo Pants and Dupatta Set",,"Clothing & Accessories › Women › Ethnic Wear › Salwar Suits","1065",,"4.4","33","32","Cocoblu Retail","90-180 Days, Mature, 30+ Days Live, 60+ Days Live, 90+ Days Live"
"B0GFWF2NMM","B0GMW6H6YS","BH-BABY DOLL-BLUE-3XL","BHARVITA Women's Cotton Handwork Embroidered Anarkali Kurta with Palazzo Pants and Dupatta Set",,"Clothing & Accessories › Women › Ethnic Wear › Salwar Suits","1065","345","4.4","32","84","Cocoblu Retail","90-180 Days, Mature, 30+ Days Live, 60+ Days Live, 90+ Days Live"
"B0GFWFLGVM","B0GMW6H6YS","BH-BABY DOLL-GREEN-XL","BHARVITA Women's Cotton Handwork Embroidered Anarkali Kurta with Palazzo Pants and Dupatta Set",,"Clothing & Accessories › Women › Ethnic Wear › Salwar Suits","1065",,"4.4","33","32","Cocoblu Retail","90-180 Days, Mature, 30+ Days Live, 60+ Days Live, 90+ Days Live"
"B0GFWJYVGT","B0GMW6H6YS","BH-BABY DOLL-BLUE-2XL","BHARVITA Women's Cotton Handwork Embroidered Anarkali Kurta with Palazzo Pants and Dupatta Set",,"Clothing & Accessories › Women › Ethnic Wear › Salwar Suits","1065","185","4.4","33","84","Cocoblu Retail","90-180 Days, Mature, 30+ Days Live, 60+ Days Live, 90+ Days Live"
"B0GFWK7JF6","B0GMW6H6YS","BH-BABY DOLL-MORPICH-M","BHARVITA Women's Cotton Handwork Embroidered Anarkali Kurta with Palazzo Pants and Dupatta Set",,"Clothing & Accessories › Women › Ethnic Wear › Salwar Suits","1065",,"4.4","33","32","Cocoblu Retail","90-180 Days, Mature, 30+ Days Live, 60+ Days Live, 90+ Days Live"
"B0GFWK7MXB","B0GMW6H6YS","BH-BABY DOLL-GREEN-2XL","BHARVITA Women's Cotton Handwork Embroidered Anarkali Kurta with Palazzo Pants and Dupatta Set",,"Clothing & Accessories › Women › Ethnic Wear › Salwar Suits","1065",,"4.4","33","32","Cocoblu Retail","90-180 Days, Mature, 30+ Days Live, 60+ Days Live, 90+ Days Live"
"B0GFWKSYZC","B0GMW6H6YS","BH-BABY DOLL-ORANGE-XL","BHARVITA Women's Cotton Handwork Embroidered Anarkali Kurta with Palazzo Pants and Dupatta Set",,"Clothing & Accessories › Women › Ethnic Wear › Salwar Suits","1065",,"4.4","33","75","Cocoblu Retail","90-180 Days, Mature, 30+ Days Live, 60+ Days Live, 90+ Days Live"
"B0GFWLRRS2","B0GMW6H6YS","BH-BABY DOLL-MORPICH-3XL","BHARVITA Women's Cotton Handwork Embroidered Anarkali Kurta with Palazzo Pants and Dupatta Set",,"Clothing & Accessories › Women › Ethnic Wear › Salwar Suits","1065",,"4.4","33","32","Cocoblu Retail","90-180 Days, Mature, 30+ Days Live, 60+ Days Live, 90+ Days Live"
"B0GFWN5KM4","B0GMW6H6YS","BH-BABY DOLL-MORPICH-2XL","BHARVITA Women's Cotton Handwork Embroidered Anarkali Kurta with Palazzo Pants and Dupatta Set",,"Clothing & Accessories › Women › Ethnic Wear › Salwar Suits","1065","345","4.4","32","84","Cocoblu Retail","90-180 Days, Mature, 30+ Days Live, 60+ Days Live, 90+ Days Live"
"B0GFWNDNSK","B0GMW6H6YS","BH-BABY DOLL-BLUE-M","BHARVITA Women's Cotton Handwork Embroidered Anarkali Kurta with Palazzo Pants and Dupatta Set",,"Clothing & Accessories › Women › Ethnic Wear › Salwar Suits","1065","185","4.4","33","84","Cocoblu Retail","90-180 Days, Mature, 30+ Days Live, 60+ Days Live, 90+ Days Live"
"B0GFWR9NXR","B0GMW6H6YS","BH-BABY DOLL-ORANGE-M","BHARVITA Women's Cotton Handwork Embroidered Anarkali Kurta with Palazzo Pants and Dupatta Set",,"Clothing & Accessories › Women › Ethnic Wear › Salwar Suits","1065",,"4.4","33","75","Cocoblu Retail","90-180 Days, Mature, 30+ Days Live, 60+ Days Live, 90+ Days Live"
"B0GG4JK4MY","B0GMW75S96","BH-MAYRA-BLACK-M","BHARVITA Women's Cotton Handwork Embroidered Anarkali Kurta with Palazzo Pants and Dupatta Set",,"Clothing & Accessories › Women › Ethnic Wear › Salwar Suits","1175","1867","4.8","22","84","Cocoblu Retail","90-180 Days, Mature, 30+ Days Live, 60+ Days Live, 90+ Days Live"
"B0GG4MMYQ1","B0GMW75S96","BH-MAYRA-MAROON-XL","BHARVITA Women's Cotton Handwork Embroidered Anarkali Kurta with Palazzo Pants and Dupatta Set",,"Clothing & Accessories › Women › Ethnic Wear › Salwar Suits","1175",,"4.7","20","75","Cocoblu Retail","90-180 Days, Mature, 30+ Days Live, 60+ Days Live, 90+ Days Live"
"B0GG4QSVSC","B0GMW75S96","BH-MAYRA-BLACK-L","BHARVITA Women's Cotton Handwork Embroidered Anarkali Kurta with Palazzo Pants and Dupatta Set",,"Clothing & Accessories › Women › Ethnic Wear › Salwar Suits","1179",,"4.7","21","32","Cocoblu Retail","90-180 Days, Mature, 30+ Days Live, 60+ Days Live, 90+ Days Live"
"B0GG4R3FBF","B0GMW75S96","BH-MAYRA-MAROON-2XL","BHARVITA Women's Cotton Handwork Embroidered Anarkali Kurta with Palazzo Pants and Dupatta Set",,"Clothing & Accessories › Women › Ethnic Wear › Salwar Suits","1175",,"4.7","21","32","Cocoblu Retail","90-180 Days, Mature, 30+ Days Live, 60+ Days Live, 90+ Days Live"
"B0GG4VS5Q9","B0GMW75S96","BH-MAYRA-MAROON-M","BHARVITA Women's Cotton Handwork Embroidered Anarkali Kurta with Palazzo Pants and Dupatta Set",,"Clothing & Accessories › Women › Ethnic Wear › Salwar Suits","1179",,"4.7","21","32","Cocoblu Retail","90-180 Days, Mature, 30+ Days Live, 60+ Days Live, 90+ Days Live"
"B0GG4ZRNRW","B0GMW75S96","BH-MAYRA-BLACK-2XL","BHARVITA Women's Cotton Handwork Embroidered Anarkali Kurta with Palazzo Pants and Dupatta Set",,"Clothing & Accessories › Women › Ethnic Wear › Salwar Suits","1175","4694","4.7","20","84","Cocoblu Retail","90-180 Days, Mature, 30+ Days Live, 60+ Days Live, 90+ Days Live"
"B0GG55G2DS","B0GMW75S96","BH-MAYRA-MAROON-L","BHARVITA Women's Cotton Handwork Embroidered Anarkali Kurta with Palazzo Pants and Dupatta Set",,"Clothing & Accessories › Women › Ethnic Wear › Salwar Suits","1179",,"4.7","20","75","Cocoblu Retail","90-180 Days, Mature, 30+ Days Live, 60+ Days Live, 90+ Days Live"
"B0GG57K4PF","B0GMW75S96","BH-MAYRA-BLACK-XL","BHARVITA Women's Cotton Handwork Embroidered Anarkali Kurta with Palazzo Pants and Dupatta Set",,"Clothing & Accessories › Women › Ethnic Wear › Salwar Suits","1175","4695","4.7","20","84","Cocoblu Retail","90-180 Days, Mature, 30+ Days Live, 60+ Days Live, 90+ Days Live"
"B0GKNMH87L","B0GMW2GL76","BH-PRITI_BLACK-XL","BHARVITA Women's Cotton Embroidered Anarkali Kurta and Palazzo with Dupatta Set",,"Clothing & Accessories › Women › Ethnic Wear › Salwar Suits","1265","26","4.7","83","86","Cocoblu Retail","60-90 Days, Established, 30+ Days Live, 60+ Days Live"
"B0GKP3PJW2","B0GMW2GL76","BH-PRITI_BLACK-2XL","BHARVITA Women's Cotton Embroidered Anarkali Kurta and Palazzo with Dupatta Set",,"Clothing & Accessories › Women › Ethnic Wear › Salwar Suits","1265","42","4.8","79","86","Cocoblu Retail","60-90 Days, Established, 30+ Days Live, 60+ Days Live"
"B0GKP5GK6G","B0GMW2GL76","BH-PRITI_CHIKU-L","BHARVITA Women's Cotton Embroidered Anarkali Kurta and Palazzo with Dupatta Set",,"Clothing & Accessories › Women › Ethnic Wear › Salwar Suits","1265",,"4.6","84","77","Cocoblu Retail","60-90 Days, Established, 30+ Days Live, 60+ Days Live"
"B0GKP6GYNB","B0GMW2GL76","BH-PRITI_BLACK-L","BHARVITA Women's Cotton Embroidered Anarkali Kurta and Palazzo with Dupatta Set",,"Clothing & Accessories › Women › Ethnic Wear › Salwar Suits","1265","24","4.6","84","86","Cocoblu Retail","60-90 Days, Established, 30+ Days Live, 60+ Days Live"
"B0GKP6J8PV","B0GMW2GL76","BH-PRITI_BLACK-M","BHARVITA Women's Cotton Embroidered Anarkali Kurta and Palazzo with Dupatta Set",,"Clothing & Accessories › Women › Ethnic Wear › Salwar Suits","1265","18","4.6","84","86","Cocoblu Retail","60-90 Days, Established, 30+ Days Live, 60+ Days Live"
"B0GKP6QND2","B0GMW2GL76","BH-PRITI_CHIKU-2XL","BHARVITA Women's Cotton Embroidered Anarkali Kurta and Palazzo with Dupatta Set",,"Clothing & Accessories › Women › Ethnic Wear › Salwar Suits","1265",,"4.6","84","33","Cocoblu Retail","60-90 Days, Established, 30+ Days Live, 60+ Days Live"
"B0GKP7X6QC","B0GMW2GL76","BH-PRITI_CHIKU-XL","BHARVITA Women's Cotton Embroidered Anarkali Kurta and Palazzo with Dupatta Set",,"Clothing & Accessories › Women › Ethnic Wear › Salwar Suits","1265","44","4.8","78","86","Cocoblu Retail","60-90 Days, Established, 30+ Days Live, 60+ Days Live"
"B0GKP976FH","B0GMW6WC1Q","BH-KASHMIRI-BLACK-3XL","BHARVITA Women's Cotton Embroidered Anarkali Kurta and Palazzo with Dupatta Set",,"Clothing & Accessories › Women › Ethnic Wear › Salwar Suits","1135",,"4.2","31","33","Cocoblu Retail","60-90 Days, Established, 30+ Days Live, 60+ Days Live"
"B0GKP9NPF6","B0GMW6WC1Q","BH-KASHMIRI-MORPITCH-M","BHARVITA Women's Cotton Embroidered Anarkali Kurta and Palazzo with Dupatta Set",,"Clothing & Accessories › Women › Ethnic Wear › Salwar Suits","1135","253","4.2","31","86","Cocoblu Retail","60-90 Days, Established, 30+ Days Live, 60+ Days Live"
"B0GKPBBPMS","B0GMW6WC1Q","BH-KASHMIRI-MORPITCH-S","BHARVITA Women's Cotton Embroidered Anarkali Kurta and Palazzo with Dupatta Set",,"Clothing & Accessories › Women › Ethnic Wear › Salwar Suits","1135",,"4.2","31","33","Cocoblu Retail","60-90 Days, Established, 30+ Days Live, 60+ Days Live"
"B0GKPCH6YC","B0GMW6WC1Q","BH-KASHMIRI-ORANG-M","BHARVITA Women's Cotton Embroidered Anarkali Kurta and Palazzo with Dupatta Set",,"Clothing & Accessories › Women › Ethnic Wear › Salwar Suits","1139","253","4.2","31","86","Cocoblu Retail","60-90 Days, Established, 30+ Days Live, 60+ Days Live"
"B0GKPDP78V","B0GMW6WC1Q","BH-KASHMIRI-MAROON-M","BHARVITA Women's Cotton Embroidered Anarkali Kurta and Palazzo with Dupatta Set",,"Clothing & Accessories › Women › Ethnic Wear › Salwar Suits","1135",,"4.2","31","33","Cocoblu Retail","60-90 Days, Established, 30+ Days Live, 60+ Days Live"
"B0GKPDPPRD","B0GMW6WC1Q","BH-KASHMIRI-MAROON-XL","BHARVITA Women's Cotton Embroidered Anarkali Kurta and Palazzo with Dupatta Set",,"Clothing & Accessories › Women › Ethnic Wear › Salwar Suits","1139",,"4.2","31","33","Cocoblu Retail","60-90 Days, Established, 30+ Days Live, 60+ Days Live"
"B0GKPDQTCT","B0GMW2GL76","BH-PRITI_CHIKU-M","BHARVITA Women's Cotton Embroidered Anarkali Kurta and Palazzo with Dupatta Set",,"Clothing & Accessories › Women › Ethnic Wear › Salwar Suits","1265",,"4.6","84","33","Cocoblu Retail","60-90 Days, Established, 30+ Days Live, 60+ Days Live"
"B0GKPFJ6X6","B0GMW6WC1Q","BH-KASHMIRI-BLACK-2XL","BHARVITA Women's Cotton Embroidered Anarkali Kurta and Palazzo with Dupatta Set",,"Clothing & Accessories › Women › Ethnic Wear › Salwar Suits","1135",,"4.2","31","33","Cocoblu Retail","60-90 Days, Established, 30+ Days Live, 60+ Days Live"
"B0GKPGH3KY","B0GMW6WC1Q","BH-KASHMIRI-BLACK-S","BHARVITA Women's Cotton Embroidered Anarkali Kurta and Palazzo with Dupatta Set",,"Clothing & Accessories › Women › Ethnic Wear › Salwar Suits","1139",,"4.2","31","33","Cocoblu Retail","60-90 Days, Established, 30+ Days Live, 60+ Days Live"
"B0GKPGPGVP","B0GMW6WC1Q","BH-KASHMIRI-ORANG-3XL","BHARVITA Women's Cotton Embroidered Anarkali Kurta and Palazzo with Dupatta Set",,"Clothing & Accessories › Women › Ethnic Wear › Salwar Suits","1135","2379","4.4","34","86","Cocoblu Retail","60-90 Days, Established, 30+ Days Live, 60+ Days Live"
"B0GKPH3PMN","B0GMW6WC1Q","BH-KASHMIRI-BLACK-XL","BHARVITA Women's Cotton Embroidered Anarkali Kurta and Palazzo with Dupatta Set",,"Clothing & Accessories › Women › Ethnic Wear › Salwar Suits","1139",,"4.2","31","77","Cocoblu Retail","60-90 Days, Established, 30+ Days Live, 60+ Days Live"
"B0GKPHPX8D","B0GMW6WC1Q","BH-KASHMIRI-ORANG-XL","BHARVITA Women's Cotton Embroidered Anarkali Kurta and Palazzo with Dupatta Set",,"Clothing & Accessories › Women › Ethnic Wear › Salwar Suits","1135",,"4.2","31","77","Cocoblu Retail","60-90 Days, Established, 30+ Days Live, 60+ Days Live"
"B0GKPJDC6P","B0GMW6WC1Q","BH-KASHMIRI-BLACK-M","BHARVITA Women's Cotton Embroidered Anarkali Kurta and Palazzo with Dupatta Set",,"Clothing & Accessories › Women › Ethnic Wear › Salwar Suits","1135",,"4.2","31","33","Cocoblu Retail","60-90 Days, Established, 30+ Days Live, 60+ Days Live"
"B0GKPJL8G4","B0GMW6WC1Q","BH-KASHMIRI-MORPITCH-3XL","BHARVITA Women's Cotton Embroidered Anarkali Kurta and Palazzo with Dupatta Set",,"Clothing & Accessories › Women › Ethnic Wear › Salwar Suits","1135","1162","4.4","34","86","Cocoblu Retail","60-90 Days, Established, 30+ Days Live, 60+ Days Live"
"B0GKPK5XZ8","B0GMW6WC1Q","BH-KASHMIRI-MAROON-2XL","BHARVITA Women's Cotton Embroidered Anarkali Kurta and Palazzo with Dupatta Set",,"Clothing & Accessories › Women › Ethnic Wear › Salwar Suits","1135",,"4.2","31","33","Cocoblu Retail","60-90 Days, Established, 30+ Days Live, 60+ Days Live"
"B0GKPM3PSX","B0GMW6WC1Q","BH-KASHMIRI-ORANG-S","BHARVITA Women's Cotton Embroidered Anarkali Kurta and Palazzo with Dupatta Set",,"Clothing & Accessories › Women › Ethnic Wear › Salwar Suits","1139",,"4.2","31","33","Cocoblu Retail","60-90 Days, Established, 30+ Days Live, 60+ Days Live"
"B0GKPMNP9L","B0GMW6WC1Q","BH-KASHMIRI-MORPITCH-2XL","BHARVITA Women's Cotton Embroidered Anarkali Kurta and Palazzo with Dupatta Set",,"Clothing & Accessories › Women › Ethnic Wear › Salwar Suits","1135","253","4.2","31","86","Cocoblu Retail","60-90 Days, Established, 30+ Days Live, 60+ Days Live"
"B0GKPMNP9N","B0GMW6WC1Q","BH-KASHMIRI-MORPITCH-XL","BHARVITA Women's Cotton Embroidered Anarkali Kurta and Palazzo with Dupatta Set",,"Clothing & Accessories › Women › Ethnic Wear › Salwar Suits","1135","253","4.2","31","86","Cocoblu Retail","60-90 Days, Established, 30+ Days Live, 60+ Days Live"
"B0GKPNYF5H","B0GMW6WC1Q","BH-KASHMIRI-MAROON-L","BHARVITA Women's Cotton Embroidered Anarkali Kurta and Palazzo with Dupatta Set",,"Clothing & Accessories › Women › Ethnic Wear › Salwar Suits","1135",,"4.2","31","33","Cocoblu Retail","60-90 Days, Established, 30+ Days Live, 60+ Days Live"
"B0GKPP2ZBM","B0GMW6WC1Q","BH-KASHMIRI-MORPITCH-L","BHARVITA Women's Cotton Embroidered Anarkali Kurta and Palazzo with Dupatta Set",,"Clothing & Accessories › Women › Ethnic Wear › Salwar Suits","1135",,"4.2","31","33","Cocoblu Retail","60-90 Days, Established, 30+ Days Live, 60+ Days Live"
"B0GKPRT3DP","B0GMW6WC1Q","BH-KASHMIRI-BLACK-L","BHARVITA Women's Cotton Embroidered Anarkali Kurta and Palazzo with Dupatta Set",,"Clothing & Accessories › Women › Ethnic Wear › Salwar Suits","1139",,"4.2","31","33","Cocoblu Retail","60-90 Days, Established, 30+ Days Live, 60+ Days Live"
"B0GKPRTWDJ","B0GMW6WC1Q","BH-KASHMIRI-MAROON-S","BHARVITA Women's Cotton Embroidered Anarkali Kurta and Palazzo with Dupatta Set",,"Clothing & Accessories › Women › Ethnic Wear › Salwar Suits","1135",,"4.2","31","33","Cocoblu Retail","60-90 Days, Established, 30+ Days Live, 60+ Days Live"
"B0GKPTJ1HW","B0GMW6WC1Q","BH-KASHMIRI-ORANG-L","BHARVITA Women's Cotton Embroidered Anarkali Kurta and Palazzo with Dupatta Set",,"Clothing & Accessories › Women › Ethnic Wear › Salwar Suits","1135","253","4.2","31","86","Cocoblu Retail","60-90 Days, Established, 30+ Days Live, 60+ Days Live"
"B0GKPVKWBJ","B0GMW6WC1Q","BH-KASHMIRI-ORANG-2XL","BHARVITA Women's Cotton Embroidered Anarkali Kurta and Palazzo with Dupatta Set",,"Clothing & Accessories › Women › Ethnic Wear › Salwar Suits","1135","209","4.2","31","86","Cocoblu Retail","60-90 Days, Established, 30+ Days Live, 60+ Days Live"
"B0GKPXL3CN","B0GMW6WC1Q","BH-KASHMIRI-MAROON-3XL","BHARVITA Women's Cotton Embroidered Anarkali Kurta and Palazzo with Dupatta Set",,"Clothing & Accessories › Women › Ethnic Wear › Salwar Suits","1135","253","4.2","31","86","Cocoblu Retail","60-90 Days, Established, 30+ Days Live, 60+ Days Live"
"B0GKVD8YBC","B0GMWD959D","BH-FLOWER APPLIC-RUST-XL","BHARVITA Women's Cotton Embroidered Anarkali Kurta and Palazzo with Dupatta Set | A-line fit",,"Clothing & Accessories › Women › Ethnic Wear › Kurtas & Kurtis","1075",,"4.6","36","32","Cocoblu Retail","60-90 Days, Established, 30+ Days Live, 60+ Days Live"
"B0GKVHB77R","B0GMWD959D","BH-FLOWER APPLIC-MUSTARD-XL","BHARVITA Women's Cotton Embroidered Anarkali Kurta and Palazzo with Dupatta Set | A-line fit",,"Clothing & Accessories › Women › Ethnic Wear › Kurtas & Kurtis","1075","1153","4.6","36","84","Cocoblu Retail","60-90 Days, Established, 30+ Days Live, 60+ Days Live"
"B0GKVHL95V","B0GMWD959D","BH-FLOWER APPLIC-MUSTARD-M","BHARVITA Women's Cotton Embroidered Anarkali Kurta and Palazzo with Dupatta Set | A-line fit",,"Clothing & Accessories › Women › Ethnic Wear › Kurtas & Kurtis","1075",,"4.6","36","32","Cocoblu Retail","60-90 Days, Established, 30+ Days Live, 60+ Days Live"
"B0GKVJ1VZR","B0GMWD959D","BH-FLOWER APPLIC-MUSTARD-L","BHARVITA Women's Cotton Embroidered Anarkali Kurta and Palazzo with Dupatta Set | A-line fit",,"Clothing & Accessories › Women › Ethnic Wear › Kurtas & Kurtis","1075",,"4.6","36","32","Cocoblu Retail","60-90 Days, Established, 30+ Days Live, 60+ Days Live"
"B0GKVLP485","B0GMWD959D","BH-FLOWER APPLIC-BLACK-M","BHARVITA Women's Cotton Embroidered Anarkali Kurta and Palazzo with Dupatta Set | A-line fit",,"Clothing & Accessories › Women › Ethnic Wear › Kurtas & Kurtis","1075","1153","4.6","36","84","Cocoblu Retail","60-90 Days, Established, 30+ Days Live, 60+ Days Live"
"B0GKVNFK5H","B0GMWD959D","BH-FLOWER APPLIC-BLACK-2XL","BHARVITA Women's Cotton Embroidered Anarkali Kurta and Palazzo with Dupatta Set | A-line fit",,"Clothing & Accessories › Women › Ethnic Wear › Kurtas & Kurtis","1075","1419","4.6","36","84","Cocoblu Retail","60-90 Days, Established, 30+ Days Live, 60+ Days Live"
"B0GKVP2C3S","B0GMWD959D","BH-FLOWER APPLIC-MAROON-2XL","BHARVITA Women's Cotton Embroidered Anarkali Kurta and Palazzo with Dupatta Set | A-line fit",,"Clothing & Accessories › Women › Ethnic Wear › Kurtas & Kurtis","1075",,"4.6","36","75","Cocoblu Retail","60-90 Days, Established, 30+ Days Live, 60+ Days Live"
"B0GKVP6BPK","B0GMWD959D","BH-FLOWER APPLIC-RUST-2XL","BHARVITA Women's Cotton Embroidered Anarkali Kurta and Palazzo with Dupatta Set | A-line fit",,"Clothing & Accessories › Women › Ethnic Wear › Kurtas & Kurtis","1075",,"4.6","36","32","Cocoblu Retail","60-90 Days, Established, 30+ Days Live, 60+ Days Live"
"B0GKVPFBLC","B0GMWD959D","BH-FLOWER APPLIC-MAROON-L","BHARVITA Women's Cotton Embroidered Anarkali Kurta and Palazzo with Dupatta Set | A-line fit",,"Clothing & Accessories › Women › Ethnic Wear › Kurtas & Kurtis","1075","1153","4.6","36","84","Cocoblu Retail","60-90 Days, Established, 30+ Days Live, 60+ Days Live"
"B0GKVPNCD4","B0GMWD959D","BH-FLOWER APPLIC-BLACK-L","BHARVITA Women's Cotton Embroidered Anarkali Kurta and Palazzo with Dupatta Set | A-line fit",,"Clothing & Accessories › Women › Ethnic Wear › Kurtas & Kurtis","1075",,"4.6","36","32","Cocoblu Retail","60-90 Days, Established, 30+ Days Live, 60+ Days Live"
"B0GKVQ2W16","B0GMWD959D","BH-FLOWER APPLIC-RUST-L","BHARVITA Women's Cotton Embroidered Anarkali Kurta and Palazzo with Dupatta Set | A-line fit",,"Clothing & Accessories › Women › Ethnic Wear › Kurtas & Kurtis","1075","1153","4.6","36","84","Cocoblu Retail","60-90 Days, Established, 30+ Days Live, 60+ Days Live"
"B0GKVQ5Y6J","B0GMWD959D","BH-FLOWER APPLIC-MUSTARD-2XL","BHARVITA Women's Cotton Embroidered Anarkali Kurta and Palazzo with Dupatta Set | A-line fit",,"Clothing & Accessories › Women › Ethnic Wear › Kurtas & Kurtis","1075",,"4.6","36","32","Cocoblu Retail","60-90 Days, Established, 30+ Days Live, 60+ Days Live"
"B0GKVQ7FSN","B0GMWD959D","BH-FLOWER APPLIC-MAROON-XL","BHARVITA Women's Cotton Embroidered Anarkali Kurta and Palazzo with Dupatta Set | A-line fit",,"Clothing & Accessories › Women › Ethnic Wear › Kurtas & Kurtis","1075",,"4.6","36","32","Cocoblu Retail","60-90 Days, Established, 30+ Days Live, 60+ Days Live"
"B0GKVXMXFQ","B0GMWD959D","BH-FLOWER APPLIC-BLACK-XL","BHARVITA Women's Cotton Embroidered Anarkali Kurta and Palazzo with Dupatta Set | A-line fit",,"Clothing & Accessories › Women › Ethnic Wear › Kurtas & Kurtis","1075",,"4.6","36","32","Cocoblu Retail","60-90 Days, Established, 30+ Days Live, 60+ Days Live"
"B0GKVZ4MYH","B0GMWD959D","BH-FLOWER APPLIC-RUST-","BHARVITA Women's Cotton Embroidered Anarkali Kurta and Palazzo with Dupatta Set | A-line fit",,"Clothing & Accessories › Women › Ethnic Wear › Kurtas & Kurtis","1075","1660","4.6","35","84","Cocoblu Retail","60-90 Days, Established, 30+ Days Live, 60+ Days Live"
"B0GKW17T9J","B0GMWD959D","BH-FLOWER APPLIC-RUST-M","BHARVITA Women's Cotton Embroidered Anarkali Kurta and Palazzo with Dupatta Set | A-line fit",,"Clothing & Accessories › Women › Ethnic Wear › Kurtas & Kurtis","1075",,"4.6","36","32","Cocoblu Retail","60-90 Days, Established, 30+ Days Live, 60+ Days Live"
"B0XXX111","B09XYZ123","SKU-001",,,,,,,,,,"365+ Days, Legacy, 30+ Days Live, 60+ Days Live, 90+ Days Live"